insert into user_name (user_id, created_date, create_order, e_mail, pass_word, pass_word_fb, pass_word_google, "role") values ('393ea4ff-5f28-4abb-8c02-f955b344a3d7', '2022-05-21 12:16:45.762', '2022-05-21 12:16:45.762', 'Admin', '$2a$10$PsXiejAY.pw3IcjMTwW8eeryHCvnTayrFaOOnKjTRC1POdGrLi4MS', '0', '0', 'ADMIN');

INSERT INTO public.expert_group_list
(expert_group_id, created_date, create_order, expert_path, expert_status)
VALUES('f0869a41-7efe-441f-904b-db8feb7c9bc9', '2022-05-12 13:31:14.227', '2022-05-12 13:31:14.227', 'หมอ', 1);
INSERT INTO public.expert_group_list
(expert_group_id, created_date, create_order, expert_path, expert_status)
VALUES('f2e1af53-8a96-44ff-98de-7f6cb741db01', '2022-05-12 13:31:27.755', '2022-05-12 13:31:27.755', 'วิศกร', 1);
INSERT INTO public.expert_group_list
(expert_group_id, created_date, create_order, expert_path, expert_status)
VALUES('31470ad5-7fe9-4b71-a931-bb53feb90c3e', '2022-05-12 13:31:31.349', '2022-05-12 13:31:31.349', 'โปรแกรมเมอร์', 1);
INSERT INTO public.expert_group_list
(expert_group_id, created_date, create_order, expert_path, expert_status)
VALUES('4cf383f5-d03c-49f0-98c6-0b4135253bde', '2022-05-12 15:04:47.266', '2022-05-12 15:04:47.266', 'ประยุทธ', 1);




INSERT INTO public.topic_group_list
(topic_group_id, created_date, create_order, topic_group_path, topic_group_status)
VALUES('1', '2022-05-12 16:09:39.813', '2022-05-12 16:09:39.813', 'สุขภาพ', 1);
INSERT INTO public.topic_group_list
(topic_group_id, created_date, create_order, topic_group_path, topic_group_status)
VALUES('2', '2022-05-12 16:09:43.286', '2022-05-12 16:09:43.286', 'การเงิน', 1);
INSERT INTO public.topic_group_list
(topic_group_id, created_date, create_order, topic_group_path, topic_group_status)
VALUES('3', '2022-05-12 16:09:46.309', '2022-05-12 16:09:46.309', 'การเมือง', 1);
INSERT INTO public.topic_group_list
(topic_group_id, created_date, create_order, topic_group_path, topic_group_status)
VALUES('4bbdbbb7-352d-4b72-917e-5c39f1ab8e28', '2022-05-16 17:50:26.964', '2022-05-16 17:50:26.964', 'การศึกษา', 1);
INSERT INTO public.topic_group_list
(topic_group_id, created_date, create_order, topic_group_path, topic_group_status)
VALUES('22bc1e84-77d9-4ec5-9b62-793e150be26a', '2022-05-16 17:49:17.161', '2022-05-16 17:49:17.161', 'เทคโนโลยี', 1);






INSERT INTO public.user_name
(user_id, created_date, create_order, e_mail, pass_word, pass_word_fb, pass_word_google, "role")
VALUES('393ea4ff-5f28-4abb-8c02-f955b344a3d7', '2022-05-21 12:16:45.762', '2022-05-21 12:16:45.762', 'Admin', '$2a$10$PsXiejAY.pw3IcjMTwW8eeryHCvnTayrFaOOnKjTRC1POdGrLi4MS', '0', '0', 'ADMIN');
INSERT INTO public.user_name
(user_id, created_date, create_order, e_mail, pass_word, pass_word_fb, pass_word_google, "role")
VALUES('1f6f094b-5082-4340-97cc-b64a61120c4c', '2022-07-06 15:00:20.254', '2022-07-06 15:00:20.254', '123', '$2a$10$rYdTPCXzh73ylhCX01ieu.e43EydkR57o92xgHXTH.FNrlGtqALCO', '0', '0', 'USER');
INSERT INTO public.user_name
(user_id, created_date, create_order, e_mail, pass_word, pass_word_fb, pass_word_google, "role")
VALUES('0ab3ebc2-0c6f-4ac6-a8f8-c36dc7980f3f', '2022-07-06 15:01:09.800', '2022-07-06 15:01:09.800', '456', '$2a$10$BSbhof85M8ChC.gomDEWqutpThQiOfbHejCTIvYDFlpf.gzhlu9/e', '0', '0', 'USER');
INSERT INTO public.user_name
(user_id, created_date, create_order, e_mail, pass_word, pass_word_fb, pass_word_google, "role")
VALUES('ee61afe4-faf9-4d39-8e81-74991842ef04', '2022-07-06 19:09:39.683', '2022-07-06 19:09:39.683', '789', '$2a$10$SeCivnE2DKD68dxCydtA.ejD/QQa5ov2dfRK5EtBbAws18cLocd4S', '0', '0', 'USER');
INSERT INTO public.user_name
(user_id, created_date, create_order, e_mail, pass_word, pass_word_fb, pass_word_google, "role")
VALUES('c4da9f97-d36b-48b4-ac9a-155687c37329', '2022-07-06 19:10:27.732', '2022-07-06 19:10:27.732', '1234', '$2a$10$4fwzGdKMN0zh.WdWrLc2TOnCeqIrdRGgVQmDN.ZXdOd2hofXX0YI.', '0', '0', 'USER');
INSERT INTO public.user_name
(user_id, created_date, create_order, e_mail, pass_word, pass_word_fb, pass_word_google, "role")
VALUES('1425f66b-67c5-4f3b-a7d0-ffe1ccad0039', '2022-07-06 19:30:39.442', '2022-07-06 19:30:39.442', '4567', '$2a$10$I34Jf5W77m1ATgiXrRjan.t9oLglzxjuQ8wGkYMACjOylDpeFMSqK', '0', '0', 'USER');

INSERT INTO public.user_info
(user_info_id, created_date, create_order, expert_group_id, first_name, last_name, like_count, profile_pic, "token", token_count, user_caption, user_name, verify_status)
VALUES('1f6f094b-5082-4340-97cc-b64a61120c4c', '2022-07-06 15:00:20.350', '2022-07-06 15:00:20.350', '31470ad5-7fe9-4b71-a931-bb53feb90c3e', '123', '123', 3, 'ID-1f6f094b-5082-4340-97cc-b64a61120c4c-T2022-07-06_15-00-44-R-a5e6b8f64bfc4582bd14ae6cf6c91d9d.png', 0.0, 0.0, '123', '123', false);
INSERT INTO public.user_info
(user_info_id, created_date, create_order, expert_group_id, first_name, last_name, like_count, profile_pic, "token", token_count, user_caption, user_name, verify_status)
VALUES('c4da9f97-d36b-48b4-ac9a-155687c37329', '2022-07-06 19:10:27.813', '2022-07-06 19:10:27.813', '31470ad5-7fe9-4b71-a931-bb53feb90c3e', '1234', '1234', 0, 'ID-c4da9f97-d36b-48b4-ac9a-155687c37329-T2022-07-06_19-10-40-R-56fdf86cffbc4be0897b39005c04c748.png', 0.0, 0.0, '1234', '1234', false);
INSERT INTO public.user_info
(user_info_id, created_date, create_order, expert_group_id, first_name, last_name, like_count, profile_pic, "token", token_count, user_caption, user_name, verify_status)
VALUES('0ab3ebc2-0c6f-4ac6-a8f8-c36dc7980f3f', '2022-07-06 15:01:09.863', '2022-07-06 15:01:09.863', 'f2e1af53-8a96-44ff-98de-7f6cb741db01', '456', '456', 4, 'ID-0ab3ebc2-0c6f-4ac6-a8f8-c36dc7980f3f-T2022-07-06_15-01-26-R-07f4249f7b1c40459d74ad2681c6d94c.png', 60.0, 0.0, '456', '456', false);
INSERT INTO public.user_info
(user_info_id, created_date, create_order, expert_group_id, first_name, last_name, like_count, profile_pic, "token", token_count, user_caption, user_name, verify_status)
VALUES('1425f66b-67c5-4f3b-a7d0-ffe1ccad0039', '2022-07-06 19:30:39.538', '2022-07-06 19:30:39.538', 'none', '4567', '4567', 0, 'ID-1425f66b-67c5-4f3b-a7d0-ffe1ccad0039-T2022-07-06_19-30-55-R-0283c6207fbc41019be4e3e9cc2728f2.png', 0.0, 0.0, '4567', '4657', false);
INSERT INTO public.user_info
(user_info_id, created_date, create_order, expert_group_id, first_name, last_name, like_count, profile_pic, "token", token_count, user_caption, user_name, verify_status)
VALUES('ee61afe4-faf9-4d39-8e81-74991842ef04', '2022-07-06 19:09:39.831', '2022-07-06 19:09:39.831', '4cf383f5-d03c-49f0-98c6-0b4135253bde', '789', '789', 0, 'ID-ee61afe4-faf9-4d39-8e81-74991842ef04-T2022-07-06_19-10-04-R-bce2164820524782bb1040e3629e8a54.png', 0.0, 0.0, '789', '789', false);



INSERT INTO public.chat_contact_data
(chat_contact_id, chat_read_status, tran_rx, tran_tx, created_date)
VALUES('e486705f-40f0-48fc-b1d2-1c93425faecc', false, '0ab3ebc2-0c6f-4ac6-a8f8-c36dc7980f3f', '1f6f094b-5082-4340-97cc-b64a61120c4c', '2022-07-06 21:01:04.821');
INSERT INTO public.chat_contact_data
(chat_contact_id, chat_read_status, tran_rx, tran_tx, created_date)
VALUES('c9a78ef8-29cc-419d-bc78-4a9e499c62dd', false, '1f6f094b-5082-4340-97cc-b64a61120c4c', '0ab3ebc2-0c6f-4ac6-a8f8-c36dc7980f3f', '2022-07-06 21:01:04.821');
INSERT INTO public.chat_contact_data
(chat_contact_id, chat_read_status, tran_rx, tran_tx, created_date)
VALUES('ca570339-15b5-4008-8320-69b702f13982', false, 'ee61afe4-faf9-4d39-8e81-74991842ef04', '1f6f094b-5082-4340-97cc-b64a61120c4c', '2022-07-06 21:10:00.802');
INSERT INTO public.chat_contact_data
(chat_contact_id, chat_read_status, tran_rx, tran_tx, created_date)
VALUES('94169c47-55df-4a3c-a040-d9705b54ee53', false, '1f6f094b-5082-4340-97cc-b64a61120c4c', 'ee61afe4-faf9-4d39-8e81-74991842ef04', '2022-07-06 21:10:00.802');
INSERT INTO public.chat_contact_data
(chat_contact_id, chat_read_status, tran_rx, tran_tx, created_date)
VALUES('1653e5aa-758f-416f-b349-84430e7fb033', false, 'c4da9f97-d36b-48b4-ac9a-155687c37329', '1f6f094b-5082-4340-97cc-b64a61120c4c', '2022-07-06 21:10:06.741');
INSERT INTO public.chat_contact_data
(chat_contact_id, chat_read_status, tran_rx, tran_tx, created_date)
VALUES('fa5ddc0a-3266-493b-bf56-fdfdde4702ea', false, '1f6f094b-5082-4340-97cc-b64a61120c4c', 'c4da9f97-d36b-48b4-ac9a-155687c37329', '2022-07-06 21:10:06.741');
INSERT INTO public.chat_contact_data
(chat_contact_id, chat_read_status, tran_rx, tran_tx, created_date)
VALUES('9d8a49cf-27a3-4357-8f4f-9aea93223164', false, '1425f66b-67c5-4f3b-a7d0-ffe1ccad0039', '1f6f094b-5082-4340-97cc-b64a61120c4c', '2022-07-06 21:10:11.199');
INSERT INTO public.chat_contact_data
(chat_contact_id, chat_read_status, tran_rx, tran_tx, created_date)
VALUES('e9d281b6-2eb8-4bbb-91ca-c8b1e9459a91', false, '1f6f094b-5082-4340-97cc-b64a61120c4c', '1425f66b-67c5-4f3b-a7d0-ffe1ccad0039', '2022-07-06 21:10:11.199');
